MDVP:Fo(Hz),MDVP:Fhi(Hz),MDVP:Flo(Hz),MDVP:Jitter(%),MDVP:Shimmer,HNR,RPDE,DFA,spread1,spread2,D2
126.73694352949522,186.33267085975106,121.37210479631877,0.010973819975054875,0.1340272707980973,55.91569573666481,0.6742166814430012,0.9333074896543112,-1.810787310748439,4.820117070816443,39.03922872340425
