MDVP:Fo(Hz),MDVP:Fhi(Hz),MDVP:Flo(Hz),MDVP:Jitter(%),MDVP:Shimmer,HNR,RPDE,DFA,spread1,spread2,D2
248.7074492299634,437.067654255433,79.22612775674769,0.0559654674726619,0.23203727835365792,43.08680798547281,65.13250303118724,0.7709762621506807,-2.0074715358544046,4.612330060649479,46.171875
